epoch,step,test/Accuracy,test/F1score,test/IoU,test/Loss,test/Precision,test/Recall
0,0,0.7022707462310791,0.1068127378821373,0.06042639538645744,0.8203160762786865,0.1068127378821373,0.1068127378821373
