epoch,step,test/Accuracy,test/F1score,test/IoU,test/Loss,test/Precision,test/Recall
0,0,0.7525407075881958,0.25762078166007996,0.17406973242759705,0.8110025525093079,0.25762078166007996,0.25762078166007996
