epoch,step,test/Accuracy,test/F1score,test/IoU,test/Loss,test/Precision,test/Recall
0,0,0.8551429510116577,0.5654293298721313,0.5066201686859131,1587107.75,0.5654293298721313,0.5654293298721313
