epoch,step,test/Accuracy,test/F1score,test/IoU,test/Loss,test/Precision,test/Recall
0,0,0.8572248816490173,0.5716753005981445,0.5164802074432373,14294483.0,0.5716753005981445,0.5716753005981445
