epoch,step,test/Accuracy,test/F1score,test/IoU,test/Loss,test/Precision,test/Recall
0,0,0.7352274060249329,0.20568236708641052,0.15448792278766632,0.6196368336677551,0.20568236708641052,0.20568236708641052
