epoch,step,test/Accuracy,test/F1score,test/IoU,test/Loss,test/Precision,test/Recall
0,0,0.6968749165534973,0.09062500298023224,0.08723404258489609,2468909.5,0.09062500298023224,0.09062500298023224
