loss,IoU,MA_IoU,accuracy,MA_accuracy,precision,MA_precision,recall,MA_recall,F1_score,MA_F1_score
0.8205119967460632,"[0.5612663626670837, 0.5802358388900757, 0.7047778964042664, 0.18201188743114471, 0.4262501895427704, 0.46568843722343445]",0.48670509457588196,"[0.9215618371963501, 0.9189429879188538, 0.9033652544021606, 0.9606637358665466, 0.974751889705658, 0.730928897857666]",0.9017024040222168,"[0.8620287179946899, 0.7758775949478149, 0.8599579334259033, 0.6179976463317871, 0.9303039908409119, 0.5371401906013489]",0.7638843655586243,"[0.6166629791259766, 0.6970711350440979, 0.7961534857749939, 0.2050853967666626, 0.44031089544296265, 0.7778184413909912]",0.5888504385948181,"[0.7189881205558777, 0.734365701675415, 0.8268261551856995, 0.30796924233436584, 0.5977210998535156, 0.6354530453681946]",0.6650428771972656
