loss,IoU,MA_IoU,accuracy,MA_accuracy,precision,MA_precision,recall,MA_recall,F1_score,MA_F1_score
1.220837116241455,"[0.34111377596855164, 0.3969905972480774, 0.4808325469493866, 0.0, 0.25310102105140686, 0.26749882102012634]",0.2899228036403656,"[0.8777815103530884, 0.794626772403717, 0.8279262185096741, 0.957321286201477, 0.9454445242881775, 0.6241110563278198]",0.8378685116767883,"[0.7353671193122864, 0.4291587173938751, 0.7926837801933289, nan, 0.3778316378593445, 0.3934052288532257]",,"[0.38884657621383667, 0.841176450252533, 0.5499978065490723, 0.0, 0.4339694082736969, 0.4552850127220154]",0.4448792040348053,"[0.5087022185325623, 0.5683510899543762, 0.6494083404541016, nan, 0.4039594829082489, 0.42208921909332275]",
