loss,IoU,MA_IoU,accuracy,MA_accuracy,precision,MA_precision,recall,MA_recall,F1_score,MA_F1_score
0.9099404811859131,"[0.5504122972488403, 0.5594620704650879, 0.646681547164917, 0.024482471868395805, 0.4606444537639618, 0.36592528223991394]",0.4346013367176056,"[0.9010598063468933, 0.8943246603012085, 0.8801922798156738, 0.9582611918449402, 0.9724969863891602, 0.7177476286888123]",0.8873470425605774,"[0.678687334060669, 0.629041314125061, 0.8163490891456604, 0.9067973494529724, 0.7367697954177856, 0.5313989520072937]",0.7165072560310364,"[0.7443869113922119, 0.8349262475967407, 0.7567787766456604, 0.024544233456254005, 0.5513908267021179, 0.5402564406394958]",0.5753805637359619,"[0.7100200653076172, 0.7175059914588928, 0.7854355573654175, 0.047794755548238754, 0.6307409405708313, 0.5357906222343445]",0.6382350921630859
