loss,IoU,MA_IoU,accuracy,MA_accuracy,precision,MA_precision,recall,MA_recall,F1_score,MA_F1_score
0.9547896981239319,"[0.4610145092010498, 0.4469171464443207, 0.6337683200836182, 0.0, 0.402300626039505, 0.2513061761856079]",0.3658844530582428,"[0.8859771490097046, 0.8289894461631775, 0.8604984283447266, 0.957321286201477, 0.9696956276893616, 0.6963813304901123]",0.8664771914482117,"[0.6663734316825867, 0.4820776581764221, 0.7259141802787781, 0.0, 0.7157244086265564, 0.49486011266708374]",0.514158308506012,"[0.5993518233299255, 0.8596999645233154, 0.8331316709518433, 0.0, 0.47880855202674866, 0.3380163013935089]",0.518168032169342,"[0.6310877203941345, 0.6177504658699036, 0.7758357524871826, 0.0, 0.5737718343734741, 0.40166959166526794]",0.5161548852920532
