loss,IoU,MA_IoU,accuracy,MA_accuracy,precision,MA_precision,recall,MA_recall,F1_score,MA_F1_score
0.9196063876152039,"[0.4871547818183899, 0.5515873432159424, 0.6922428607940674, 0.0, 0.22982348501682281, 0.3781641721725464]",0.38982877135276794,"[0.9077252745628357, 0.8964827656745911, 0.8821646571159363, 0.957321286201477, 0.9648559093475342, 0.7168671488761902]",0.8875694870948792,"[0.8359238505363464, 0.6448924541473389, 0.7400045990943909, 0.0, 0.7757796049118042, 0.5281728506088257]",0.5874622464179993,"[0.5386611819267273, 0.7922026515007019, 0.9147149920463562, 0.0, 0.24617569148540497, 0.5710909962654114]",0.5104742646217346,"[0.6551496386528015, 0.7109970450401306, 0.8181360960006714, 0.0, 0.3737500309944153, 0.548793613910675]",0.5462685227394104
