loss,IoU,MA_IoU,accuracy,MA_accuracy,precision,MA_precision,recall,MA_recall,F1_score,MA_F1_score
0.6282778978347778,"[0.5885747075080872, 0.6377535462379456, 0.7124395966529846, 0.2517894208431244, 0.5705808997154236, 0.4395884871482849]",0.533454418182373,"[0.9267611503601074, 0.9297887086868286, 0.8914181590080261, 0.9555292725563049, 0.9784607291221619, 0.766432523727417]",0.9080650806427002,"[0.8726509213447571, 0.7888526320457458, 0.7538591027259827, 0.4717547297477722, 0.7910680770874023, 0.613797128200531]",0.7153304219245911,"[0.643879234790802, 0.7690296769142151, 0.9284017086029053, 0.3506523668766022, 0.6718235015869141, 0.6076619029045105]",0.6619080901145935,"[0.7410092353820801, 0.7788145542144775, 0.8320751190185547, 0.40228667855262756, 0.726585328578949, 0.6107136011123657]",0.6875826716423035
