loss,IoU,MA_IoU,accuracy,MA_accuracy,precision,MA_precision,recall,MA_recall,F1_score,MA_F1_score
1.0716453790664673,"[0.26645341515541077, 0.4814840853214264, 0.6152851581573486, 0.0, 0.2792513966560364, 0.3790076971054077]",0.3369136154651642,"[0.8688217997550964, 0.8928619623184204, 0.8740205764770508, 0.957321286201477, 0.966461718082428, 0.6234155893325806]",0.8638171553611755,"[0.747390627861023, 0.6843432188034058, 0.8423771858215332, nan, 0.7676810026168823, 0.42979785799980164]",,"[0.2928246557712555, 0.6189433932304382, 0.6953396797180176, 0.0, 0.30502888560295105, 0.7623149156570435]",0.4457419216632843,"[0.4207867383956909, 0.6500024199485779, 0.7618285417556763, nan, 0.4365856647491455, 0.5496817231178284]",
