loss,IoU,MA_IoU,accuracy,MA_accuracy,precision,MA_precision,recall,MA_recall,F1_score,MA_F1_score
0.7521675229072571,"[0.48783767223358154, 0.4563714563846588, 0.6124333143234253, 7.028704089862003e-07, 0.6485046148300171, 0.5020869374275208]",0.4512057602405548,"[0.9073840379714966, 0.8533488512039185, 0.905057966709137, 0.9939874410629272, 0.9765607118606567, 0.725820779800415]",0.8936932682991028,"[0.602397620677948, 0.7340361475944519, 0.7055486440658569, 4.2616058635758236e-05, 0.774329423904419, 0.662619411945343]",0.5798290371894836,"[0.7195129990577698, 0.5467866659164429, 0.8227107524871826, 7.1465683504357e-07, 0.7996359467506409, 0.6745249032974243]",0.593861997127533,"[0.6557673215866089, 0.6267240047454834, 0.7596386671066284, 1.405739908477699e-06, 0.7867792844772339, 0.668519139289856]",0.5867615938186646
