loss,IoU,MA_IoU,accuracy,MA_accuracy,precision,MA_precision,recall,MA_recall,F1_score,MA_F1_score
1.3416255712509155,"[0.25674909353256226, 0.3914722502231598, 0.05155805125832558, 9.719451554701664e-06, 0.058327555656433105, 0.2793777585029602]",0.1729157418012619,"[0.8412483930587769, 0.6532179117202759, 0.9315239787101746, 0.9919410943984985, 0.9173901677131653, 0.570915937423706]",0.817706286907196,"[0.5123047828674316, 0.49536558985710144, 0.4421735405921936, 0.00018743959662970155, 0.5728599429130554, 0.3915664255619049]",0.4024096429347992,"[0.33980199694633484, 0.6511483788490295, 0.05514485388994217, 1.0250899322272744e-05, 0.06097959727048874, 0.493696004152298]",0.26679688692092896,"[0.4085924029350281, 0.5626735091209412, 0.09806030243635178, 1.943871393450536e-05, 0.11022590845823288, 0.43674004077911377]",0.3208625018596649
1.0367019176483154,"[0.4454796314239502, 0.5114994049072266, 0.3200821876525879, 0.0, 0.3400947153568268, 0.3718484938144684]",0.33150073885917664,"[0.8873785734176636, 0.7645719647407532, 0.9400537014007568, 0.9923587441444397, 0.932144284248352, 0.6720848083496094]",0.8647653460502625,"[0.684454083442688, 0.6388888955116272, 0.577281653881073, 0.0, 0.6489785313606262, 0.5119152665138245]",0.5102530717849731,"[0.5606156587600708, 0.7195181250572205, 0.418070524930954, 0.0, 0.4167579710483551, 0.5760968923568726]",0.4485098719596863,"[0.6163762211799622, 0.676810622215271, 0.48494282364845276, nan, 0.5075681805610657, 0.5421130061149597]",0.47739338874816895
