loss,IoU,MA_IoU,accuracy,MA_accuracy,precision,MA_precision,recall,MA_recall,F1_score,MA_F1_score
1.3832592964172363,"[0.24892568588256836, 0.3518739640712738, 0.03648340329527855, 1.859743679233361e-05, 0.005486133974045515, 0.2534845471382141]",0.1493787169456482,"[0.8369343280792236, 0.6049582958221436, 0.9316796064376831, 0.992068886756897, 0.9151685833930969, 0.5606813430786133]",0.8069151639938354,"[0.4923489987850189, 0.44553741812705994, 0.43172261118888855, 0.0005080908886156976, 0.2521471083164215, 0.37226903438568115]",0.3324222266674042,"[0.33487558364868164, 0.6259990930557251, 0.03832383453845978, 1.9303641238366254e-05, 0.005576878786087036, 0.4427160620689392]",0.24125179648399353,"[0.39862367510795593, 0.5205721259117126, 0.07039842754602432, 3.719418236869387e-05, 0.010912401601672173, 0.4044478237628937]",0.27959245443344116
