loss,IoU,MA_IoU,accuracy,MA_accuracy,precision,MA_precision,recall,MA_recall,F1_score,MA_F1_score
1.2152445316314697,"[0.3843279480934143, 0.4437777101993561, 0.3015662431716919, 0.016241250559687614, 0.33701589703559875, 0.23496884107589722]",0.2863163352012634,"[0.851123571395874, 0.7189797163009644, 0.8973315954208374, 0.9887244701385498, 0.8989911079406738, 0.672213077545166]",0.8378939032554626,"[0.50535649061203, 0.5895472764968872, 0.3621384799480438, 0.046276118606328964, 0.4296691119670868, 0.5302684307098389]",0.41054266691207886,"[0.6160885095596313, 0.6421933174133301, 0.643233060836792, 0.02441275492310524, 0.6098130345344543, 0.2967318296432495]",0.472078800201416,"[0.555255651473999, 0.6147451996803284, 0.4633897542953491, 0.03196337819099426, 0.5041314363479614, 0.3805259168148041]",0.4391655921936035
0.9580198526382446,"[0.5149616003036499, 0.5338559746742249, 0.4439055621623993, 0.04639352485537529, 0.47141504287719727, 0.32365453243255615]",0.3890310227870941,"[0.8980507850646973, 0.7806917428970337, 0.9328685402870178, 0.9812732338905334, 0.9303327202796936, 0.7081620693206787]",0.871896505355835,"[0.6458922624588013, 0.6742562055587769, 0.5084705948829651, 0.07049594074487686, 0.5662173628807068, 0.6023052334785461]",0.5112729668617249,"[0.7175420522689819, 0.7193992137908936, 0.7775750756263733, 0.1194811686873436, 0.7379166483879089, 0.41161978244781494]",0.5805889964103699,"[0.6798345446586609, 0.6960965991020203, 0.6148678660392761, 0.0886731818318367, 0.6407642364501953, 0.48903170228004456]",0.5437307357788086
