loss,IoU,MA_IoU,accuracy,MA_accuracy,precision,MA_precision,recall,MA_recall,F1_score,MA_F1_score
0.5833505988121033,"[0.5528433918952942, 0.6073846817016602, 0.6985798478126526, 0.001751456642523408, 0.7514598965644836, 0.5748036503791809]",0.5311371684074402,"[0.9231690764427185, 0.896971583366394, 0.9319349527359009, 0.994084358215332, 0.9843127131462097, 0.7809393405914307]",0.9185687303543091,"[0.6585198044776917, 0.8099683523178101, 0.7845271825790405, 0.4511112570762634, 0.8400987386703491, 0.7377397418022156]",0.7136608958244324,"[0.7750294804573059, 0.7083221673965454, 0.8644368648529053, 0.0017551971832290292, 0.8768801689147949, 0.7224217653274536]",0.6581409573554993,"[0.7120400667190552, 0.7557427883148193, 0.8225457668304443, 0.0034967889077961445, 0.8580954670906067, 0.730000376701355]",0.6847773790359497
