loss,IoU,MA_IoU,accuracy,MA_accuracy,precision,MA_precision,recall,MA_recall,F1_score,MA_F1_score
1.12909734249115,"[0.35852980613708496, 0.4662554860115051, 0.35693350434303284, 0.0, 0.2923053801059723, 0.2847316265106201]",0.2931259870529175,"[0.8757524490356445, 0.7111344337463379, 0.9244175553321838, 0.9923588633537292, 0.9160318970680237, 0.6532269716262817]",0.8454869985580444,"[0.6825006008148193, 0.5595889687538147, 0.4560773968696594, nan, 0.49959203600883484, 0.48282307386398315]",,"[0.43029850721359253, 0.7365283966064453, 0.6214917302131653, 0.0, 0.41331765055656433, 0.40968039631843567]",0.4352194666862488,"[0.5278202891349792, 0.6359812617301941, 0.5260884761810303, nan, 0.45237815380096436, 0.44325461983680725]",
