epoch,step,test/Accuracy,test/F1score,test/IoU,test/Loss,test/Precision,test/Recall
0,0,0.7630218267440796,0.2890651226043701,0.24442656338214874,440561.21875,0.2890651226043701,0.2890651226043701
